{
 "meta": {
  "what": "standing stds for demo/read_a_mind.py z-normalization (display only)",
  "bank": "WikiText-103 token ids, 16x512 standing prose slice; the same bank as the original MINDREAD readout (NARRATED_PASS_V1 convention)",
  "convention": "std over all bank positions of (h_b - mu[b]) @ v, unit entry vectors, per boundary; z = coord / std",
  "n_entries": {
   "0": 19,
   "6": 48,
   "11": 60
  }
 },
 "std": {
  "0": {
   "field_0": 0.192987442,
   "field_1": 0.182413146,
   "field_2": 0.216495603,
   "field_3": 0.1376369,
   "field_4": 0.228650838,
   "field_5": 0.242831305,
   "field_6": 0.238765791,
   "field_7": 0.284177661,
   "field_8": 0.266425282,
   "field_9": 0.37668249,
   "field_10": 0.34242031,
   "field_11": 0.161603898,
   "field_12": 0.186377779,
   "field_13": 0.27711001,
   "field_14": 0.158683911,
   "field_15": 0.220017612,
   "field_16": 0.322297513,
   "field_17": 0.263952017,
   "field_18": 0.123152696
  },
  "6": {
   "field_0": 8.634512901,
   "field_1": 4.120444298,
   "field_2": 6.286201477,
   "field_3": 2.723608255,
   "field_4": 4.535476685,
   "field_5": 3.408388138,
   "field_6": 2.881358862,
   "field_7": 3.361937284,
   "field_8": 3.164426804,
   "field_9": 3.650326252,
   "field_10": 3.648706675,
   "field_11": 2.639618635,
   "field_12": 2.965151072,
   "field_13": 2.850012064,
   "field_14": 3.066825867,
   "field_15": 3.967882156,
   "field_16": 3.126271009,
   "field_17": 4.233721256,
   "field_18": 3.023313284,
   "b6_d13": 3.324065924,
   "b6_d14": 3.468794823,
   "fold_O_r48_code_b6_d0": 2.278989315,
   "fold_O_r48_code_b6_d7": 2.336273432,
   "fold_O_r48_code_b6_d1": 2.15203023,
   "fold_O_r48_code_b6_d12": 2.14076376,
   "fold_O_r48_code_b6_d23": 2.285212517,
   "fold_O_r48_code_b6_d18": 2.073697567,
   "fold_O_r48_code_b6_d34": 1.984021187,
   "fold_O_r48_code_b6_d15": 2.292778492,
   "fold_O_r48_code_b6_d17": 2.25804019,
   "fold_O_r48_code_b6_d13": 2.048578024,
   "fold_O_r48_code_b6_d28": 2.152972698,
   "fold_O_r48_code_b6_d19": 2.042993069,
   "fold_O_r48_code_b6_d5": 2.213428497,
   "fold_O_r48_code_b6_d39": 2.035665035,
   "fold_O_r48_code_b6_d10": 2.217643499,
   "fold_O_r48_code_b6_d41": 2.197623491,
   "fold_O_r48_code_b6_d27": 2.16221261,
   "fold_O_r48_code_b6_d24": 2.334545851,
   "fold_O_r48_code_b6_d37": 2.014361858,
   "fold_O_r48_code_b6_d22": 2.177216291,
   "fold_O_r48_code_b6_d21": 2.292976141,
   "fold_O_r48_code_b6_d9": 2.263167381,
   "fold_O_r48_code_b6_d14": 2.390242338,
   "fold_O_r48_code_b6_d3": 2.205588341,
   "fold_O_r48_code_b6_d20": 2.251084805,
   "dark_b6_svd4": 2.59896636,
   "dark_b6_svd7": 2.476250887
  },
  "11": {
   "field_0": 17.529109955,
   "field_1": 12.573608398,
   "field_2": 10.47501564,
   "field_3": 6.987707138,
   "field_4": 9.621324539,
   "field_5": 10.529267311,
   "field_6": 8.754369736,
   "field_7": 9.952968597,
   "field_8": 7.620997429,
   "field_9": 7.335478783,
   "field_10": 11.329115868,
   "field_11": 7.165371895,
   "field_12": 7.745092392,
   "field_13": 8.802271843,
   "field_14": 8.233315468,
   "field_15": 8.49249649,
   "field_16": 6.991375923,
   "field_17": 7.828732491,
   "field_18": 6.617799282,
   "fold_O_r48_b11_d0": 5.191875935,
   "fold_O_r48_b11_d3": 4.731081009,
   "fold_O_r48_b11_d24": 5.018843174,
   "fold_O_r48_b11_d5": 4.670814514,
   "fold_O_r48_b11_d16": 5.107160568,
   "fold_O_r48_b11_d31": 5.040712357,
   "fold_O_r48_b11_d23": 4.858518124,
   "fold_O_r48_b11_d32": 5.285813332,
   "fold_O_r48_b11_d15": 4.739112854,
   "fold_O_r48_b11_d2": 4.660201073,
   "fold_O_r48_b11_d6": 5.440748692,
   "fold_O_r48_b11_d30": 5.331724644,
   "fold_O_r48_b11_d13": 4.586972713,
   "fold_O_r48_b11_d22": 4.823674202,
   "fold_O_r48_b11_d4": 4.646905899,
   "fold_O_r48_b11_d9": 4.424835205,
   "fold_O_r48_b11_d10": 4.675393581,
   "fold_O_r48_b11_d39": 5.157786846,
   "fold_O_r48_b11_d38": 5.549187183,
   "fold_O_r48_b11_d41": 6.07634306,
   "fold_O_r48_b11_d44": 7.282398701,
   "fold_O_r48_b11_d11": 4.780851364,
   "fold_O_r48_b11_d12": 4.824504852,
   "fold_O_r48_b11_d19": 4.912499905,
   "fold_O_r48_b11_d8": 4.822595596,
   "fold_O_r48_b11_d36": 4.905234814,
   "fold_O_r48_b11_d20": 4.603806496,
   "fold_O_r48_b11_d14": 5.080249786,
   "fold_O_r48_b11_d25": 5.067615986,
   "fold_O_r48_b11_d34": 5.099331379,
   "fold_O_r48_b11_d40": 6.091021061,
   "fold_O_r48_b11_d43": 6.428051949,
   "fold_O_r48_b11_d18": 4.390236378,
   "fold_O_r48_b11_d37": 4.490414143,
   "fold_O_r48_b11_d7": 4.606887341,
   "fold_O_r48_b11_d27": 5.394721031,
   "fold_O_r48_b11_d28": 4.900267124,
   "fold_O_r48_b11_d17": 4.97439003,
   "fold_O_r48_code_b11_d21": 4.643137455,
   "fold_O_r48_code_b11_d26": 4.91195488,
   "fold_O_r48_code_b11_d35": 5.478738308
  }
 }
}